time,latitude,longitude,max_wind,intensity_score,intensity,movement_km,direction
0,12.0,82.0,59.988735,85.6982,Extreme,0.0,Start
1,12.818182,82.818184,55.35875,79.08392,Extreme,126.84619,NorthEast
2,13.181818,83.454544,66.083046,94.40435,Extreme,79.74457,NorthEast
3,14.25,84.333336,62.878628,89.826614,Extreme,151.64787,NorthEast
4,14.615385,85.38461,63.577774,90.82539,Extreme,119.978775,NorthEast
5,15.636364,86.09091,65.45667,93.50953,Extreme,136.17377,NorthEast
6,16.2,86.7,59.04116,84.34451,Extreme,90.16282,NorthEast
7,17.0,88.0,63.684696,90.97814,Extreme,164.09775,NorthEast
8,17.5,88.6,62.87917,89.827385,Extreme,84.34873,NorthEast
9,18.09091,89.36364,62.911194,89.87314,Extreme,103.89576,NorthEast
